{
  "linguisticVariables" :[
    {
      "name": "BMI",
      "values": [
        {
          "name" : "low",
          "type": "TrapezoidalTruthFunction",
          "params": [
            0,
            1.5,
            2,
            4
          ]
        },
        {
          "name" : "normal",
          "type": "TrapezoidalTruthFunction",
          "params": [
            0,
            1.5,
            2,
            4
          ]
        }
      ]},{
      "name": "Glucose",
      "values": [
        {
          "name" : "Low",
          "type": "TrapezoidalTruthFunction",
          "params": [
            0,
            1.5,
            2,
            4
          ]
        },
        {
          "name" : "normal",
          "type": "TrapezoidalTruthFunction",
          "params": [
            0,
            1.5,
            2,
            4
          ]
        }
      ]
    }
  ]
}