{
  "linguisticVariables" :[
    {
      "name": "BMI",
      "values": [
        {
          "name" : "Underweight",
          "type": "TrapezoidalTruthFunction",
          "params": [
            0,
            0,
            18.5,
            19.5
          ]
        },
        {
          "name" : "Normal",
          "type": "TrapezoidalTruthFunction",
          "params": [
            17.5,
            18.5,
            25.0,
            26.0
          ]
        },
        {
          "name" : "Overweight",
          "type": "TrapezoidalTruthFunction",
          "params": [
            24.0,
            25.0,
            30.0,
            31.0
          ]
        },
        {
          "name" : "Obese",
          "type": "TrapezoidalTruthFunction",
          "params": [
            29.0,
            30.0,
            100.0,
            100.0
          ]
        }
      ]},{
      "name": "Glucose",
      "values": [
        {
          "name" : "Normal",
          "type": "TrapezoidalTruthFunction",
          "params": [
            0,
            0,
            139,
            145
          ]
        },
        {
          "name" : "Prediabetes",
          "type": "TrapezoidalTruthFunction",
          "params": [
            130,
            140,
            199,
            205
          ]
        },
        {
          "name" : "Diabetes",
          "type": "TrapezoidalTruthFunction",
          "params": [
            180,
            200,
            500,
            500
          ]
        }
      ]
    }

  ]
}